{
    "providers": [
 
      {
        "type": "space",
        "advances":{
          "\uF001":-1,
          "\uF002":-2,
          "\uF003":-3,
          "\uF004":-4,
          "\uF005":-5,
          "\uF006":-6,
          "\uF007":-7,
          "\uF008":-8,
          "\uF009":-128,


          "\uF020":1,
          "\uF021":2,
          "\uF022":4,
          "\uF023":8,
          "\uF024":16,
          "\uF025":32,
          "\uF026":64,
          "\uF027":128

        }
     },

      {
        "group": "suffix",
        "name": "seeeker_suffix",
        "ascent": 7,
        "file": "custom/seeker.png",
        "height": 8,
        "type": "bitmap",
        "chars": [
          "\uF101"
        ]
      }, 
      {
        "group": "suffix",
        "name": "hider_suffix",
        "ascent": 7,
        "file": "custom/hider.png",
        "height": 8,
        "type": "bitmap",
        "chars": [
          "\uF102"
        ]
      }, 
      {
        "group": "suffix",
        "name": "crown_suffix",
        "ascent": 7,
        "file": "custom/crown.png",
        "height": 8,
        "type": "bitmap",
        "chars": [
          "\uF103"
        ]
      }
    ]
}