{
	"parent": "item/generated",
	"textures": {
		"layer0": "minecraft:item/paper"
	},
	"overrides": [
		{
		"predicate": {
			"custom_model_data": 1000
		},
		"model": "item/paper/hider"
		},
		{
			"predicate": {
				"custom_model_data": 1001
			},
			"model": "item/paper/seeker"
		},
		{
			"predicate": {
				"custom_model_data": 1002
			},
			"model": "item/paper/crown"
		},
		{
			"predicate": {
				"custom_model_data": 1003
			},
			"model": "item/paper/grenade"
		},
		{
			"predicate": {
				"custom_model_data": 1004
			},
			"model": "item/paper/flash_grenade"
		},
		{
			"predicate": {
				"custom_model_data": 1005
			},
			"model": "item/paper/smoke_grenade"
		},
		{
			"predicate": {
				"custom_model_data": 1006
			},
			"model": "item/paper/decoy_grenade"
		},
		{
			"predicate": {
				"custom_model_data": 1007
			},
			"model": "item/paper/laser_grenade"
		},
		{
			"predicate": {
				"custom_model_data": 1008
			},
			"model": "item/paper/mouse"
		},
		{
			"predicate": {
				"custom_model_data": 1009
			},
			"model": "item/paper/pepper_spray"
		},
		{
			"predicate": {
				"custom_model_data": 1010
			},
			"model": "item/paper/linkage"
		},
		{
			"predicate": {
				"custom_model_data": 1011
			},
			"model": "item/paper/teleport"
		},
		{
			"predicate": {
				"custom_model_data": 1012
			},
			"model": "item/paper/swap"
		},
		{
			"predicate": {
				"custom_model_data": 1013
			},
			"model": "item/paper/radar"
		},
		{
			"predicate": {
				"custom_model_data": 1014
			},
			"model": "minecraft:item/paper"
		}
	]
}